{
	"format_version": "1.20.50",
	"minecraft:item": {
		"description": {
			"identifier": "chaos:godsteel_leggings",
			"menu_category": {
				"category": "equipment",
				"group": "itemGroup.name.leggings"
			}
		},
		"components": {
			"minecraft:max_stack_size": 1,
			"minecraft:icon": "godsteel_leggings",
			"minecraft:wearable": {
				"slot": "slot.armor.legs",
				"protection": 5000
			},
			"minecraft:enchantable": {
				"slot": "armor_legs",
				"value": 50
			},
			"minecraft:repairable": {
				"repair_items": [
					{
						"items": ["iron_ingot"],
						"repair_amount": 2100
					}
				]
			}
		}
	}
}