{
	"format_version": "1.20.50",
	"minecraft:item": {
		"description": {
			"identifier": "chaos:godsteel_boots",
			"menu_category": {
				"category": "equipment",
				"group": "itemGroup.name.boots"
			}
		},
		"components": {
			"minecraft:max_stack_size": 1,
			"minecraft:icon": "godsteel_boots",
			"minecraft:wearable": {
				"slot": "slot.armor.feet",
				"protection": 2000
			},
			"minecraft:enchantable": {
				"slot": "armor_feet",
				"value": 9
			},
			"minecraft:repairable": {
				"repair_items": [
					{
						"items": ["iron_ingot"],
						"repair_amount": 48
					}
				]
			}
		}
	}
}