{
	"format_version": "1.20.50",
	"minecraft:item": {
		"description": {
			"identifier": "chaos:godsteel_chestplate",
			"menu_category": {
				"category": "equipment",
				"group": "itemGroup.name.chestplate"
			}
		},
		"components": {
			"minecraft:max_stack_size": 1,
			"minecraft:icon": "godsteel_chestplate",
			"minecraft:wearable": {
				"slot": "slot.armor.chest",
				"protection": 6000
			},
			"minecraft:enchantable": {
				"slot": "armor_torso",
				"value": 50
			},
			"minecraft:repairable": {
				"repair_items": [
					{
						"items": ["iron_ingot"],
						"repair_amount": 2100
					}
				]
			}
		}
	}
}