{
	"format_version": "1.12.0",
	"minecraft:geometry": [
		{
			"description": {
				"identifier": "geometry.chaos_wand",
				"texture_width": 16,
				"texture_height": 16,
				"visible_bounds_width": 2,
				"visible_bounds_height": 8,
				"visible_bounds_offset": [0, 4, 0]
			},
			"textures": {
				"default": "textures/items/chaos_wand"
			},
			"bones": [
				{
					"name": "wand",
					"pivot": [0, 0, 0],
					"cubes": [
						{"origin": [-1, 0, -1], "size": [2, 10, 2], "uv": [0, 4]},
						{"origin": [-0.5, 10, -0.5], "size": [1, 4, 1], "uv": [12, 0]},
						{"origin": [-1, 14, -1], "size": [2, 1, 2], "uv": [8, 5]},
						{"origin": [-1.5, 15, -1.5], "size": [3, 1, 3], "uv": [4, 8]},
						{"origin": [-1, 16, -1], "size": [2, 2, 2], "uv": [8, 12]}
					]
				}
			]
		}
	]
}