{
  "format_version": "1.21.20",
  "minecraft:geometry": [
    {
      "description": {
        "identifier": "geometry.chaos.beam_entity",
        "texture_width": 16,
        "texture_height": 16,
        "visible_bounds_width": 64,
        "visible_bounds_height": 64,
        "visible_bounds_offset": [0, 8, 32]
      },
      "bones": [
        {
          "name": "root",
          "pivot": [0, 0, 0]
        },
        {
          "name": "bb_main",
          "parent": "root",
          "pivot": [0, 0, 0],
          "cubes": [
            {
              "origin": [-1, 7, 0],
              "size": [2, 2, 16],
              "uv": {
                "north": { "uv": [1, 15], "uv_size": [1, 1] },
                "east":  { "uv": [15, 0], "uv_size": [1, 16] },
                "south": { "uv": [14, 15], "uv_size": [1, 1] },
                "west":  { "uv": [15, 0], "uv_size": [1, 16] },
                "up":    { "uv": [0, 0], "uv_size": [1, 16] },
                "down":  { "uv": [0, 16], "uv_size": [1, -16] }
              }
            }
          ]
        }
      ]
    }
  ]
}
