{
  "format_version": "1.21.130",
  "minecraft:block": {
    "description": {
      "identifier": "chaos:prism",
      "menu_category": { "category": "construction" },
      "states": {
        "chaos:level": [1, 2, 3, 4, 5]
      },
      "traits": {
        "minecraft:placement_position": {
          "enabled_states": ["minecraft:block_face"]
        }
      }
    },

    "components": {
      "minecraft:geometry": "minecraft:geometry.full_block",
      "minecraft:material_instances": {
        "*":    { "texture": "prism_side",   "render_method": "opaque" }
      }
    },

    "permutations": [      
      {
        "condition": "q.block_state('chaos:level') == 1",
        "components": {
          "minecraft:light_emission": 2,
          "minecraft:material_instances": {
            "*":    { "texture": "prism_side",   "render_method": "opaque" }
          }
        }
      },
      {
        "condition": "q.block_state('chaos:level') == 2",
        "components": {
          "minecraft:light_emission": 4,
          "minecraft:material_instances": {
            "*":    { "texture": "prism_side2",  "render_method": "opaque" }
          }
        }
      },
      {
        "condition": "q.block_state('chaos:level') == 3",
        "components": {
          "minecraft:light_emission": 6,
          "minecraft:material_instances": {
            "*":    { "texture": "prism_side3",  "render_method": "opaque" }
          }
        }
      },
      {
        "condition": "q.block_state('chaos:level') == 4",
        "components": {
          "minecraft:light_emission": 9,
          "minecraft:material_instances": {
            "*":    { "texture": "prism_side4",  "render_method": "opaque" }
          }
        }
      },
      {
        "condition": "q.block_state('chaos:level') == 5",
        "components": {
          "minecraft:light_emission": 12,
          "minecraft:material_instances": {
            "*":    { "texture": "prism_side5",  "render_method": "opaque" }
          }
        }
      }
    ]
  }
}
