{
  "format_version": "1.20.80",
  "minecraft:item": {
    "description": {
      "identifier": "chaos:godsteel_greatsword",
      "category": "equipment"
    },
    "components": {
      "minecraft:icon": "godsteel_greatsword",
      "minecraft:hand_equipped": true,
      "minecraft:max_stack_size": 1,
      "minecraft:damage": 15610,
      "minecraft:enchantable": { "value": 10, "slot": "sword" },

      "minecraft:weapon": {
        "type": "sword"
      },

      "minecraft:creative_category": {
        "parent": "itemGroup.name.sword"
      }
    }
  }
}
