{
  "format_version": "1.21.130",
  "minecraft:item": {
    "description": {
      "identifier": "chaos:magic_mirror",
      "menu_category": { "category": "items" }
    },
    "components": {
      "minecraft:display_name": { "value": "item.chaos:magic_mirror.name" },
      "minecraft:icon": "magic_mirror",
      "minecraft:max_stack_size": 1,
      "minecraft:hand_equipped": true,
      "minecraft:lore": [
        "Right-click to teleport to spawn.",
        "Crouch + right-click to teleport",
        "upward to the nearest safe block.",
        "Punch entities to teleport them",
        "to your spawn point."
      ],
      "chaos:magic_mirror_logic": {}
    }
  }
}