{
  "format_version": "1.10.0",
  "particle_effect": {
    "description": {
      "identifier": "chaos:link_beam",
      "basic_render_parameters": {
        "material": "particles_alpha",
        "texture": "textures/particle/chaos_spark2"
      }
    },
    "components": {
      "minecraft:emitter_lifetime_once": {},
      "minecraft:emitter_rate_instant": {
        "num_particles": 1
      },
      "minecraft:particle_lifetime_expression": {
        "max_lifetime": 0.8
      },
      "minecraft:particle_appearance_billboard": {
        "size": [0.16, 0.16],
        "facing_camera_mode": "rotate_xyz"
      },
      "minecraft:particle_appearance_tinting": {
        "color": [
          "variable.chaos_color_r",
          "variable.chaos_color_g",
          "variable.chaos_color_b",
          "variable.chaos_color_a"
        ]
      }
    }
  }
}
