{
	"format_version": "1.21.20",
	"minecraft:geometry": [
		{
			"description": {
				"identifier": "geometry.unknown",
				"texture_width": 16,
				"texture_height": 16,
				"visible_bounds_width": 2,
				"visible_bounds_height": 2.5,
				"visible_bounds_offset": [0, 0.75, 0]
			},
			"bones": [
				{
					"name": "bb_main",
					"pivot": [0, 0, 0],
					"cubes": [
						{
							"origin": [-1, 7, -8],
							"size": [2, 2, 16],
							"uv": {
								"north": {"uv": [1, 15], "uv_size": [1, 1]},
								"east": {"uv": [15, 0], "uv_size": [1, 16]},
								"south": {"uv": [14, 15], "uv_size": [1, 1]},
								"west": {"uv": [15, 0], "uv_size": [1, 16]},
								"up": {"uv": [0, 0], "uv_size": [1, 16]},
								"down": {"uv": [0, 16], "uv_size": [1, -16]}
							}
						},
						{
							"origin": [-2, 6, -8],
							"size": [4, 4, 16],
							"uv": {
								"north": {"uv": [1, 15], "uv_size": [1, 1]},
								"east": {"uv": [1, 12], "uv_size": [14, 4]},
								"south": {"uv": [13, 15], "uv_size": [1, 1]},
								"west": {"uv": [1, 4], "uv_size": [14, -4]},
								"up": {"uv": [1, 8], "uv_size": [14, 4], "uv_rotation": 270},
								"down": {"uv": [15, 4], "uv_size": [-14, 4], "uv_rotation": 270}
							}
						},
						{
							"origin": [-3, 5, -8],
							"size": [6, 6, 16],
							"uv": {
								"north": {"uv": [1, 15], "uv_size": [1, 1]},
								"east": {"uv": [1, 12], "uv_size": [14, 4]},
								"south": {"uv": [13, 15], "uv_size": [1, 1]},
								"west": {"uv": [1, 4], "uv_size": [14, -4]},
								"up": {"uv": [1, 8], "uv_size": [14, 4], "uv_rotation": 270},
								"down": {"uv": [15, 4], "uv_size": [-14, 4], "uv_rotation": 270}
							}
						}
					]
				}
			],
			"item_display_transforms": {
				"thirdperson_righthand": {
					"rotation": [75, 45, 0],
					"translation": [0, 2.5, 0],
					"scale": [0.375, 0.375, 0.375],
					"rotation_pivot": [0, 0, 0],
					"scale_pivot": [0, 0, 0]
				},
				"thirdperson_lefthand": {
					"rotation": [75, 45, 0],
					"translation": [0, 2.5, 0],
					"scale": [0.375, 0.375, 0.375],
					"rotation_pivot": [0, 0, 0],
					"scale_pivot": [0, 0, 0]
				},
				"firstperson_righthand": {
					"rotation": [0, 45, 0],
					"translation": [0, 0, 0],
					"scale": [0.4, 0.4, 0.4],
					"rotation_pivot": [0, 0, 0],
					"scale_pivot": [0, 0, 0]
				},
				"firstperson_lefthand": {
					"rotation": [0, -135, 0],
					"translation": [0, 0, 0],
					"scale": [0.4, 0.4, 0.4],
					"rotation_pivot": [0, 0, 0],
					"scale_pivot": [0, 0, 0]
				},
				"ground": {
					"rotation": [0, 0, 0],
					"translation": [0, 3, 0],
					"scale": [0.25, 0.25, 0.25],
					"rotation_pivot": [0, 0, 0],
					"scale_pivot": [0, 0, 0]
				},
				"gui": {
					"rotation": [30, 45, 0],
					"translation": [0, 0, 0],
					"scale": [0.625, 0.625, 0.625],
					"rotation_pivot": [0, 0, 0],
					"scale_pivot": [0, 0, 0],
					"fit_to_frame": false
				},
				"fixed": {
					"rotation": [0, 0, 0],
					"translation": [0, 0, 0],
					"scale": [0.5, 0.5, 0.5],
					"rotation_pivot": [0, 0, 0],
					"scale_pivot": [0, 0, 0]
				}
			}
		}
	]
}