{
	"format_version": "1.19.0",
	"minecraft:geometry": [
		{
			"description": {
				"identifier": "geometry.godsteel_chestplate",
				"texture_width": 32,
				"texture_height": 32,
				"visible_bounds_width": 3,
				"visible_bounds_height": 2.5,
				"visible_bounds_offset": [0, 0.75, 0]
			},
			"bones": [
				{
					"name": "body",
					"pivot": [0, 14, 0]
				},
				{
					"name": "chestplate",
					"parent": "body",
					"pivot": [0, 0, 0],
					"binding": "'body'",
					"cubes": [
						{"origin": [-4, 2, -2], "size": [8, 12, 4], "inflate": 1.01, "uv": [4, 0]},
						{"origin": [-4, 9, -4], "size": [8, 5, 1], "uv": [13, 25]},
						{"origin": [-4, 9, 3], "size": [8, 5, 1], "uv": [13, 25]},
						{"origin": [-2, 1, 3], "size": [4, 8, 1], "uv": [18, 23]},
						{"origin": [-1, 2, 4], "size": [2, 11, 1], "uv": [24, 20]},
						{"origin": [-4, 14, -4], "size": [1, 2, 8], "uv": [12, 18]},
						{"origin": [3, 14, -4], "size": [1, 2, 8], "uv": [12, 18]},
						{"origin": [-3, 2, -4], "size": [6, 7, 1], "uv": [18, 23]},
						{"origin": [-9, 3, 3.75], "size": [9, 3, 0], "pivot": [-1, 4, 4.75], "rotation": [-90, 7.5, 90], "uv": [0, 18]},
						{"origin": [0, 9, -4.5], "size": [2, 2, 2], "pivot": [1, 9, -3.5], "rotation": [0, 0, -45], "uv": [12, 17]}
					]
				},
				{
					"name": "arm_right",
					"pivot": [-5, 12, 0]
				},
				{
					"name": "arm_plate_right",
					"parent": "arm_right",
					"pivot": [-5, 13, 0],
					"binding": "'rightarm'",
					"cubes": [
						{"origin": [-7, 3, -1], "size": [2, 10, 2], "inflate": 1, "uv": [10, 2]},
						{"origin": [-11, 10, -4], "size": [7, 6, 1], "uv": [16, 9]},
						{"origin": [-12, 10, 3], "size": [8, 6, 1], "uv": [14, 9]},
						{
							"origin": [-11, 13, -1],
							"size": [8, 8, 1],
							"pivot": [-7, 16, 0],
							"rotation": [0, -90, -90],
							"uv": {
								"north": {"uv": [0, 9], "uv_size": [8, 8]},
								"east": {"uv": [-1, 9], "uv_size": [1, 8]},
								"south": {"uv": [9, 9], "uv_size": [8, 8]},
								"west": {"uv": [8, 9], "uv_size": [1, 8]},
								"up": {"uv": [0, 8], "uv_size": [8, 1]},
								"down": {"uv": [10, 17], "uv_size": [8, -1]}
							}
						},
						{"origin": [-14, 10, -1], "size": [7, 6, 1], "pivot": [-11, 13, 0], "rotation": [0, 90, 0], "uv": [14, 9]},
						{"origin": [-3.25, 4, -3.25], "size": [1, 2, 6.5], "pivot": [-6.25, 4, -0.25], "rotation": [0, 90, 0], "uv": [17, 23]},
						{"origin": [-2.75, 4, -3.25], "size": [0, 2, 6.5], "uv": [19, 22]},
						{"origin": [-9.25, 9, -2], "size": [0, 2, 6], "pivot": [-12.25, 9, 1], "rotation": [90, 0, 0], "uv": [19, 22]},
						{"origin": [-4.25, 4, 3.25], "size": [1, 2, 6.5], "pivot": [-6.25, 4, 6.25], "rotation": [0, 90, 0], "uv": [18, 22]},
						{"origin": [-12, 5, 0], "size": [0, 5, 4], "uv": [0, 23]},
						{"origin": [-9.25, 4, -3.25], "size": [1, 2, 6.5], "uv": [19, 22]},
						{"origin": [-12, 5, -4], "size": [0, 5, 4], "uv": [0, 23]}
					]
				},
				{
					"name": "arm_left",
					"pivot": [5, 12, 0]
				},
				{
					"name": "arm_plate_left",
					"parent": "arm_left",
					"pivot": [5, 13, 0],
					"binding": "'leftarm'",
					"cubes": [
						{"origin": [5, 3, -1], "size": [2, 11, 2], "inflate": 1, "uv": [7, 2]},
						{"origin": [7, 10, -1], "size": [8, 6, 1], "pivot": [11, 13, 0], "rotation": [0, -90, 0], "uv": [13, 9], "mirror": true},
						{"origin": [4, 10, 3], "size": [7, 6, 1], "uv": [15, 9], "mirror": true},
						{
							"origin": [3, 13, -1],
							"size": [8, 8, 1],
							"pivot": [7, 16, 0],
							"rotation": [0, 90, 90],
							"uv": {
								"north": {"uv": [8, 9], "uv_size": [-8, 8]},
								"east": {"uv": [9, 9], "uv_size": [-1, 8]},
								"south": {"uv": [17, 9], "uv_size": [-8, 8]},
								"west": {"uv": [0, 9], "uv_size": [-1, 8]},
								"up": {"uv": [8, 8], "uv_size": [-8, 1]},
								"down": {"uv": [14, 17], "uv_size": [-8, -1]}
							}
						},
						{"origin": [4, 10, -4], "size": [7, 6, 1], "uv": [15, 9], "mirror": true},
						{"origin": [8.25, 4, -3.25], "size": [1, 2, 6.5], "uv": [18, 22], "mirror": true},
						{"origin": [12, 5, -4], "size": [0, 5, 4], "uv": [0, 23], "mirror": true},
						{"origin": [12, 5, 0], "size": [0, 5, 4], "uv": [0, 23], "mirror": true},
						{"origin": [9.25, 9, -2], "size": [0, 2, 6], "pivot": [12.25, 9, 1], "rotation": [90, 0, 0], "uv": [20, 23], "mirror": true},
						{"origin": [2.75, 4, -3.25], "size": [0, 2, 6.5], "uv": [19, 22], "mirror": true},
						{"origin": [3.25, 4, 3.25], "size": [1, 2, 6.5], "pivot": [6.25, 4, 6.25], "rotation": [0, -90, 0], "uv": [19, 22], "mirror": true},
						{"origin": [2.25, 4, -3.25], "size": [1, 2, 6.5], "pivot": [6.25, 4, -0.25], "rotation": [0, -90, 0], "uv": [18, 22], "mirror": true}
					]
				}
			]
		}
	]
}