{
	"format_version": "1.19.0",
	"minecraft:geometry": [
		{
			"description": {
				"identifier": "geometry.godsteel_helmet",
				"texture_width": 32,
				"texture_height": 32,
				"visible_bounds_width": 3,
				"visible_bounds_height": 2.5,
				"visible_bounds_offset": [0, 0.75, 0]
			},
			"bones": [
				{
					"name": "root_item",
					"pivot": [0, 0, 0]
				},
				{
					"name": "helmet",
					"parent": "root_item",
					"pivot": [0, 0, 0],
					"binding": "'head'",
					"cubes": [
						{"origin": [-4, 0, -4], "size": [8, 8, 8], "inflate": 1, "uv": [0, 0]},
						{"origin": [-4, 3, -6], "size": [8, 5, 1], "uv": [13, 25]},
						{"origin": [-3, -1, -6], "size": [6, 4, 1], "uv": [0, 22]},
						{"origin": [-1, 8, -6], "size": [2, 2, 10], "pivot": [0, 0, 0], "rotation": [-7.5, 0, 0], "uv": [10, 17]},
						{"origin": [6, 8, 1], "size": [0, 2, 12], "pivot": [7, 0, 7], "rotation": [35.23163, 6.13784, 4.31837], "uv": [10, 15]},
						{"origin": [6, 4, 1], "size": [0, 2, 10], "pivot": [7, -4, 5], "rotation": [22.73163, 6.13784, 4.31837], "uv": [12, 15]},
						{"origin": [-1, 11, -10], "size": [2, 2, 10], "pivot": [0, 3, -4], "rotation": [-90, 0, 0], "uv": [10, 17]},
						{"origin": [0, 7, -5], "size": [0, 6, 10], "pivot": [1, 0, 0], "rotation": [-7.5, 0, 0], "uv": [0, 6]},
						{"origin": [0, 18, -11], "size": [0, 3, 10], "pivot": [1, 7, -6], "rotation": [-97.5, 0, 0], "uv": [0, 6]},
						{"origin": [-6, 6, 1], "size": [0, 2, 11], "pivot": [-7, -2, 6], "rotation": [27.73163, -6.13784, -4.31837], "uv": [9, 16], "mirror": true},
						{"origin": [-6, 4, 1], "size": [0, 2, 10], "pivot": [-7, -4, 5], "rotation": [22.73163, -6.13784, -4.31837], "uv": [12, 17], "mirror": true},
						{"origin": [-6, 8, 1], "size": [0, 2, 12], "pivot": [-7, 0, 7], "rotation": [35.23163, -6.13784, -4.31837], "uv": [10, 15], "mirror": true},
						{"origin": [6, 6, 1], "size": [0, 2, 11], "pivot": [7, -2, 6], "rotation": [27.73163, 6.13784, 4.31837], "uv": [9, 16]},
						{"origin": [4, 2, -4], "size": [2, 3, 3], "uv": [21, 24]},
						{"origin": [-6, 2, -4], "size": [2, 3, 3], "uv": [21, 24], "mirror": true}
					]
				}
			]
		}
	]
}