{
	"format_version": "1.19.0",
	"minecraft:geometry": [
		{
			"description": {
				"identifier": "geometry.godsteel_leggings",
				"texture_width": 32,
				"texture_height": 32,
				"visible_bounds_width": 3,
				"visible_bounds_height": 3.5,
				"visible_bounds_offset": [0, 1.25, 0]
			},
			"bones": [
				{
					"name": "body",
					"pivot": [0, 24, 0],
					"cubes": [
						{"origin": [-5, 8, 0], "size": [0, 5, 2.5], "uv": [0, 25]},
						{"origin": [0.75, 8, -2.5], "size": [0, 5, 2.5], "pivot": [-2.25, 11, -0.25], "rotation": [0, -90, 0], "uv": [0, 25]},
						{"origin": [5, 8, -2.5], "size": [0, 5, 2.5], "uv": [0, 25], "mirror": true},
						{"origin": [1.75, 8, -2.5], "size": [0, 5, 2.5], "pivot": [4.75, 11, -0.25], "rotation": [0, 90, 0], "uv": [0, 25], "mirror": true},
						{"origin": [-0.75, 8, -2.5], "size": [0, 5, 2.5], "pivot": [2.25, 11, -0.25], "rotation": [0, 90, 0], "uv": [0, 25], "mirror": true},
						{"origin": [5, 8, 0], "size": [0, 5, 2.5], "uv": [0, 25], "mirror": true},
						{"origin": [-10.75, 13, -3], "size": [5.5, 2, 0], "pivot": [-8, 11.75, 0], "rotation": [0, -90, 0], "uv": [1, 23], "mirror": true},
						{"origin": [-5, 8, -2.5], "size": [0, 5, 2.5], "uv": [0, 25]},
						{"origin": [-1.75, 8, -2.5], "size": [0, 5, 2.5], "pivot": [-4.75, 11, -0.25], "rotation": [0, -90, 0], "uv": [0, 25]},
						{"origin": [-2, 13.5, -4], "size": [2, 2, 0.5], "pivot": [-1, 13, -3.5], "rotation": [0, 0, 45], "uv": [14, 19], "mirror": true}
					]
				},
				{
					"name": "belt2",
					"parent": "body",
					"pivot": [1.9, 12, 0],
					"binding": "'belt'",
					"cubes": [
						{"origin": [-4, 12, -2], "size": [8, 4, 4], "inflate": 0.51, "uv": [0, 0]},
						{
							"origin": [-5, 12, -3.75],
							"size": [10, 4, 1],
							"uv": {
								"north": {"uv": [12, 25], "uv_size": [10, 4]},
								"east": {"uv": [23, 25], "uv_size": [1, 4]},
								"south": {"uv": [22, 20], "uv_size": [10, 4]},
								"west": {"uv": [23, 25], "uv_size": [1, 4]},
								"up": {"uv": [22, 23], "uv_size": [10, 1]},
								"down": {"uv": [22, 24], "uv_size": [10, -1]}
							}
						},
						{
							"origin": [-5, 12, 2.75],
							"size": [10, 4, 1],
							"uv": {
								"north": {"uv": [22, 20], "uv_size": [10, 4]},
								"east": {"uv": [11, 25], "uv_size": [1, 4]},
								"south": {"uv": [22, 25], "uv_size": [10, 4]},
								"west": {"uv": [22, 25], "uv_size": [1, 4]},
								"up": {"uv": [22, 20], "uv_size": [10, 1]},
								"down": {"uv": [22, 21], "uv_size": [10, -1]}
							}
						},
						{"origin": [5.25, 13, -3], "size": [5.5, 2, 0], "pivot": [8, 11.75, 0], "rotation": [0, 90, 0], "uv": [1, 23]}
					]
				},
				{
					"name": "leg_right",
					"pivot": [-1.9, 12, 0],
					"cubes": [
						{
							"origin": [-10.25, 4, -3],
							"size": [6.5, 2, 1],
							"pivot": [-7.5, 2.75, 0],
							"rotation": [0, -90, 0],
							"uv": {
								"north": {"uv": [28, 26], "uv_size": [-6, 2]},
								"east": {"uv": [29, 26], "uv_size": [-1, 2]},
								"south": {"uv": [35, 26], "uv_size": [-6, 2]},
								"west": {"uv": [22, 26], "uv_size": [-1, 2]},
								"up": {"uv": [28, 26], "uv_size": [-6, 1]},
								"down": {"uv": [32, 27], "uv_size": [-6, -1]}
							}
						},
						{"origin": [-5, 4, -3], "size": [5.5, 2, 0], "pivot": [-2.25, 2.75, 0], "rotation": [0, -90, 0], "uv": [22, 26], "mirror": true},
						{
							"origin": [-4.5, 4, 2.75],
							"size": [4.25, 2, 1],
							"uv": {
								"north": {"uv": [26, 26], "uv_size": [-4, 2]},
								"east": {"uv": [27, 26], "uv_size": [-1, 2]},
								"south": {"uv": [26, 26], "uv_size": [-4, 2]},
								"west": {"uv": [22, 26], "uv_size": [-1, 2]},
								"up": {"uv": [26, 26], "uv_size": [-4, 1]},
								"down": {"uv": [30, 27], "uv_size": [-4, -1]}
							}
						},
						{
							"origin": [-5.5, 4, -3.75],
							"size": [5.25, 2, 1],
							"uv": {
								"north": {"uv": [26, 26], "uv_size": [-5, 2]},
								"east": {"uv": [27, 26], "uv_size": [-1, 2]},
								"south": {"uv": [32, 26], "uv_size": [-5, 2]},
								"west": {"uv": [21, 26], "uv_size": [-1, 2]},
								"up": {"uv": [26, 26], "uv_size": [-5, 1]},
								"down": {"uv": [31, 27], "uv_size": [-5, -1]}
							}
						},
						{
							"origin": [0.25, 4, -3.75],
							"size": [5.25, 2, 1],
							"uv": {
								"north": {"uv": [14, 26], "uv_size": [5, 2]},
								"east": {"uv": [19, 26], "uv_size": [1, 2]},
								"south": {"uv": [17, 26], "uv_size": [5, 2]},
								"west": {"uv": [25, 26], "uv_size": [1, 2]},
								"up": {"uv": [20, 26], "uv_size": [5, 1]},
								"down": {"uv": [25, 27], "uv_size": [5, -1]}
							}
						}
					]
				},
				{
					"name": "leggings_right2",
					"parent": "leg_right",
					"pivot": [-1.9, 12, 0],
					"binding": "'rightleg'",
					"cubes": [
						{"origin": [-3.9, 0, -2], "size": [4, 12, 4], "inflate": 0.5, "uv": [4, 0]}
					]
				},
				{
					"name": "leg_left",
					"pivot": [1.9, 12, 0],
					"cubes": [
						{
							"origin": [3.75, 4, -3],
							"size": [6.5, 2, 1],
							"pivot": [7.5, 2.75, 0],
							"rotation": [0, 90, 0],
							"uv": {
								"north": {"uv": [21, 26], "uv_size": [6, 2]},
								"east": {"uv": [20, 26], "uv_size": [1, 2]},
								"south": {"uv": [28, 26], "uv_size": [6, 2]},
								"west": {"uv": [27, 26], "uv_size": [1, 2]},
								"up": {"uv": [21, 26], "uv_size": [6, 1]},
								"down": {"uv": [26, 27], "uv_size": [6, -1]}
							}
						},
						{"origin": [-0.5, 4, -3], "size": [5.5, 2, 0], "pivot": [2.25, 2.75, 0], "rotation": [0, 90, 0], "uv": [22, 26]},
						{
							"origin": [0.25, 4, 2.75],
							"size": [4.25, 2, 1],
							"uv": {
								"north": {"uv": [23, 26], "uv_size": [4, 2]},
								"east": {"uv": [22, 26], "uv_size": [1, 2]},
								"south": {"uv": [13, 26], "uv_size": [4, 2]},
								"west": {"uv": [27, 26], "uv_size": [1, 2]},
								"up": {"uv": [23, 26], "uv_size": [4, 1]},
								"down": {"uv": [27, 27], "uv_size": [4, -1]}
							}
						}
					]
				},
				{
					"name": "leggings_left2",
					"parent": "leg_left",
					"pivot": [1.9, 12, 0],
					"binding": "'leftleg'",
					"cubes": [
						{"origin": [-0.1, 0, -2], "size": [4, 12, 4], "inflate": 0.5, "uv": [4, 0], "mirror": true}
					]
				}
			]
		}
	]
}