{
	"format_version": "1.19.0",
	"minecraft:geometry": [
		{
			"description": {
				"identifier": "geometry.godsteel_boots",
				"texture_width": 32,
				"texture_height": 32,
				"visible_bounds_width": 3,
				"visible_bounds_height": 2.5,
				"visible_bounds_offset": [0, 0.75, 0]
			},
			"bones": [
				{
					"name": "leg_right",
					"pivot": [-1.9, 12, 0]
				},
				{
					"name": "boot_right",
					"parent": "leg_right",
					"pivot": [-1.9, 12, 0],
					"binding": "'rightleg'",
					"cubes": [
						{"origin": [-3.9, 0, -2], "size": [4, 6, 4], "inflate": 1, "uv": [4, 5]},
						{"origin": [-11.25, 1, -3], "size": [6.5, 2, 1], "pivot": [-8, -0.25, 0], "rotation": [0, -90, 0], "uv": [21, 25], "mirror": true},
						{"origin": [-5, 1, -3], "size": [6.5, 2, 0], "pivot": [-1.75, -0.25, 0], "rotation": [0, -90, 0], "uv": [22, 26], "mirror": true},
						{"origin": [-6, 1.01, -4.251], "size": [7.25, 2, 1], "uv": [22, 26], "mirror": true},
						{"origin": [-6, 1.001, 3.251], "size": [7.25, 2, 1], "uv": [21, 25], "mirror": true},
						{"origin": [-7, 1, 0], "size": [3, 3, 3], "uv": [20, 24], "mirror": true},
						{"origin": [-7, 7, 5], "size": [1, 2, 10.5], "pivot": [-7, -1, 11], "rotation": [35.23163, -6.13784, -4.31837], "uv": [10, 17], "mirror": true},
						{"origin": [-7, 5, 5], "size": [1, 2, 9.5], "pivot": [-7, -3, 10], "rotation": [27.73163, -6.13784, -4.31837], "uv": [11, 18], "mirror": true},
						{"origin": [-7, 3, 5], "size": [1, 2, 8.5], "pivot": [-7, -5, 9], "rotation": [22.73163, -6.13784, -4.31837], "uv": [12, 19], "mirror": true},
						{"origin": [-7.75, 2.5, 0], "size": [2, 2, 1.5], "pivot": [-6.75, 2.5, 0.5], "rotation": [-88.8215, 0.17205, -89.28888], "uv": [13, 18]}
					]
				},
				{
					"name": "leg_left",
					"pivot": [1.9, 12, 0]
				},
				{
					"name": "boot_left",
					"parent": "leg_left",
					"pivot": [1.9, 12, 0],
					"binding": "'leftleg'",
					"cubes": [
						{"origin": [-0.1, 0, -2], "size": [4, 6, 4], "inflate": 1, "uv": [4, 5], "mirror": true},
						{"origin": [-1.5, 1, -3], "size": [6.5, 2, 0], "pivot": [1.75, -0.25, 0], "rotation": [0, 90, 0], "uv": [22, 26]},
						{"origin": [-1.25, 1, 3.25], "size": [7.25, 2, 1], "uv": [21, 25]},
						{"origin": [4.75, 1, -3], "size": [7.5, 2, 1], "pivot": [8, -0.25, 0], "rotation": [0, 90, 0], "uv": [21, 25]},
						{"origin": [-1.25, 1, -4.25], "size": [6.25, 2, 1], "uv": [22, 25]},
						{"origin": [6, 3, 5], "size": [1, 2, 8.5], "pivot": [7, -5, 9], "rotation": [22.73163, 6.13784, 4.31837], "uv": [12, 18]},
						{
							"origin": [6, 5, 5],
							"size": [1, 2, 9.5],
							"pivot": [7, -3, 10],
							"rotation": [27.73163, 6.13784, 4.31837],
							"uv": {
								"north": {"uv": [18, 25], "uv_size": [1, 2]},
								"east": {"uv": [16, 27], "uv_size": [9, 2]},
								"south": {"uv": [28, 25], "uv_size": [1, 2]},
								"west": {"uv": [19, 25], "uv_size": [9, 2]},
								"up": {"uv": [20, 16], "uv_size": [1, 9]},
								"down": {"uv": [21, 25], "uv_size": [1, -9]}
							}
						},
						{"origin": [6, 7, 5], "size": [1, 2, 10.5], "pivot": [7, -1, 11], "rotation": [35.23163, 6.13784, 4.31837], "uv": [10, 17]},
						{"origin": [4, 1, 0], "size": [3, 3, 3], "uv": [21, 24]},
						{"origin": [5.75, 2.5, 0], "size": [2, 2, 1.5], "pivot": [6.75, 2.5, 0.5], "rotation": [-88.8215, -0.17205, 89.28888], "uv": [13, 18]}
					]
				}
			]
		}
	]
}