{
  "format_version": "1.20.0",
  "minecraft:recipe_shaped": {
    "description": { "identifier": "chaos:input_node" },
    "tags": ["crafting_table"],
    "pattern": [
      "AEA",
      "OCO",
      "ARA"
    ],
    "key": {
      "A": { "item": "minecraft:amethyst_shard" },
      "E": { "item": "minecraft:ender_eye" },
      "O": { "item": "minecraft:obsidian" },
      "C": { "item": "minecraft:chest" },
      "R": { "item": "minecraft:redstone" }
    },
    "result": { "item": "chaos:input_node", "count": 1 }
  }
}
