{
  "format_version": "1.20.0",
  "minecraft:recipe_shaped": {
    "description": {
      "identifier": "chaos:godsteel_greatsword"
    },
    "tags": ["crafting_table"],
    "pattern": [
      "#G#",
      "#G#",
      " S "
    ],
    "key": {
      "G": {
        "item": "minecraft:gold_ingot"
      },
      "S": {
        "item": "minecraft:stick"
      },      
      "#": {
        "item": "chaos:godsteel_ingot"
      }
    },
    "result": {
      "item": "chaos:godsteel_greatsword",
      "count": 1
    }
  }
}
