{
  "format_version": "1.20.0",
  "minecraft:recipe_shaped": {
    "description": {
      "identifier": "chaos:insight_lens"
    },
    "tags": ["crafting_table"],
    "pattern": [
      " G ",
      "GEG",
      " C "
    ],
    "key": {
      "G": {
        "item": "minecraft:glass_pane"
      },
      "E": {
        "item": "minecraft:echo_shard"
      },
      "C": {
        "item": "minecraft:copper_ingot"
      }
    },
    "result": {
      "item": "chaos:insight_lens",
      "count": 1
    }
  }
}
