{
  "format_version": "1.10.0",
  "particle_effect": {
    "description": {
      "identifier": "chaos:exotic_orb_alloy_lump",
      "basic_render_parameters": {
        "material": "particles_alpha",
        "texture": "textures/items/exotic_alloy_lump"
      }
    },
    "components": {
      "minecraft:emitter_lifetime_once": {},
      "minecraft:emitter_rate_instant": { "num_particles": 1 },

      "minecraft:particle_lifetime_expression": { "max_lifetime": "variable.chaos_lifetime" },

      "minecraft:particle_appearance_billboard": {
        "size": [0.3, 0.3],
        "facing_camera_mode": "rotate_xyz"
      },
      "minecraft:particle_appearance_tinting": {
        "color": [
          "variable.chaos_color_r",
          "variable.chaos_color_g",
          "variable.chaos_color_b",
          "variable.chaos_color_a"
        ]
      },

      "minecraft:emitter_shape_point": {
        "direction": [
          "variable.chaos_move.direction_x",
          "variable.chaos_move.direction_y",
          "variable.chaos_move.direction_z"
        ]
      },

      "minecraft:particle_initial_speed": "variable.chaos_move.speed",

      "minecraft:particle_motion_dynamic": {
        "linear_acceleration": [0, 0, 0]
      }
    }
  }
}
