{
  "format_version": "1.10.0",
  "particle_effect": {
    "description": {
      "identifier": "chaos:flux_refine_burst_5",
      "basic_render_parameters": {
        "material": "particles_alpha",
        "texture": "textures/items/flux_5"
      }
    },
    "components": {
      "minecraft:emitter_lifetime_once": {},
      "minecraft:emitter_rate_instant": { "num_particles": 10 },
      "minecraft:emitter_shape_sphere": {
        "radius": 0.2,
        "direction": "outwards"
      },
      "minecraft:particle_lifetime_expression": { "max_lifetime": 0.4 },
      "minecraft:particle_initial_speed": 2.4,
      "minecraft:particle_motion_dynamic": {
        "linear_acceleration": [0, 0.02, 0],
        "linear_drag_coefficient": 2.0
      },
      "minecraft:particle_appearance_billboard": {
        "size": [
          "math.lerp(0.03, 0.18, variable.particle_age / variable.particle_lifetime)",
          "math.lerp(0.03, 0.18, variable.particle_age / variable.particle_lifetime)"
        ],
        "facing_camera_mode": "rotate_xyz"
      },
      "minecraft:particle_appearance_tinting": {
        "color": [
          "variable.chaos_color_r",
          "variable.chaos_color_g",
          "variable.chaos_color_b",
          "variable.chaos_color_a"
        ]
      }
    }
  }
}
