{
  "format_version": "1.10.0",
  "minecraft:attachable": {
    "description": {
      "identifier": "chaos:godsteel_greatsword",
      "materials": {
        "default": "entity_alphatest",
        "enchanted": "entity_alphatest_glint"
      },
      "textures": {
        "default": "textures/models/weapon/godsteel_greatsword",
        "enchanted": "textures/misc/enchanted_item_glint"
      },
      "geometry": {
        "default": "geometry.godsteel_greatsword"
      },
      "render_controllers": ["controller.render.item_default"]
    }
  }
}
