{
    "format_version": "1.8.0",
    "minecraft:attachable": {
        "description": {
            "identifier": "chaos:my_chest",
            "materials": {
                "default": "armor",
                "enchanted": "armor_enchanted"
            },
            "textures": {
                "default": "textures/models/armor/custom_main",
                "enchanted": "textures/misc/enchanted_actor_glint"
            },
            "geometry": {
                "default": "geometry.player.armor.chestplate"
            },
            "scripts": {
                "parent_setup": "v.chest_layer_visible = 0.0;"
            },
            "render_controllers": ["controller.render.armor"]
        }
    }
}